Test name,Test ID,Result,Comments
"Change Auto Boot Time-out and check after reboot (EDK2 UEFI)",BMM001.101,PASS,
"F9 resets Auto Boot Time-out to default value (EDK2 UEFI)",BMM002.101,PASS,
"Check Auto Boot Time-out option not accept non-numeric values (EDK2 UEFI)",BMM003.101,PASS,
"Custom boot menu key (EDK2 UEFI)",CBK001.101,PASS,
"Custom BIOS Menu Key (EDK2 UEFI)",CBK002.101,PASS,
"Serial boot time measure: coreboot booting time after coldboot (Ubuntu)",CBMEM001.201,PASS,
"Serial boot time measure: coreboot booting time after warmboot (Ubuntu)",CBMEM002.201,PASS,
"Serial boot time measure: coreboot booting time after system reboot (Ubuntu)",CBMEM003.201,PASS,
"Custom Boot Order (EDK2 UEFI)",CBO001.101,PASS,
"Only one iPXE in boot menu (Ubuntu)",CNB001.201,PASS,
"CPU not stuck on initial frequency (Ubuntu)",CPF001.201,PASS,
"CPU not stuck on initial frequency (Windows)",CPF001.301,PASS,
"CPU runs on expected frequency (Ubuntu)",CPF005.201,PASS,
"CPU runs on expected frequency (Windows)",CPF005.301,PASS,
"CPU with load runs on expected frequency (Ubuntu)",CPF009.201,PASS,
"CPU with load runs on expected frequency (Windows)",CPF009.301,PASS,
"CPU temperature without load (Ubuntu)",CPT001.201,PASS,
"CPU temperature without load (Windows)",CPT001.301,PASS,
"CPU temperature after stress test (Ubuntu)",CPT005.201,PASS,
"CPU temperature after stress test (Windows)",CPT005.301,PASS,
"CPU works (Ubuntu)",CPU001.201,PASS,
"CPU works (Windows)",CPU001.301,PASS,
"CPU cache enabled (Ubuntu)",CPU002.201,PASS,
"CPU cache enabled (Windows)",CPU002.301,PASS,
"Multiple CPU support (Ubuntu)",CPU003.201,PASS,
"Multiple CPU support (Windows)",CPU003.301,PASS,
"Multiple-core support (Ubuntu)",CPU004.201,PASS,
"Multiple-core support (Windows)",CPU004.301,PASS,
"Verify the serial number (Ubuntu)",DMI001.201,PASS,
"Verify the firmware version (Ubuntu)",DMI002.201,PASS,
"Verify the firmware product name (Ubuntu)",DMI003.201,PASS,
"Verify the firmware release date (Ubuntu)",DMI004.201,PASS,
"Verify the firmware manufacturer (Ubuntu)",DMI005.201,PASS,
"Verify the firmware vendor (Ubuntu)",DMI006.201,PASS,
"Verify the firmware family (Ubuntu)",DMI007.201,PASS,
"Verify the firmware type (Ubuntu)",DMI008.201,PASS,
"Booting DTS from USB works correctly (DTS)",DTS001.211,PASS,
"DTS option Creating Dasharo HCL report works correctly (DTS)",DTS002.211,PASS,
"DTS option reboot DUT works correctly (DTS)",DTS003.211,PASS,
"DTS accessing shell works correctly (DTS)",DTS004.211,PASS,
"Flash device from DTS shell by using flashrom works correctly (DTS)",DTS005.211,PASS,
"DTS option power-off DUT works correctly (DTS)",DTS008.211,PASS,
"Network Boot enable (Ubuntu)",EBM001.201,PASS,
"Network Boot disable (Ubuntu)",EBM002.201,PASS,
"Custom Boot Order Add (Ubuntu)",EBM003.201,PASS,
"Custom Boot Order Remove (Ubuntu)",EBM004.201,PASS,
"Boot into UEFI OS (Ubuntu)",EFI001.201,PASS,
"Boot into UEFI OS (Windows)",EFI001.301,PASS,
"ESP Scan with OS-specific .efi files added (EDK2 UEFI)",ESP001.101,PASS,
"ESP Scan after deleting additional .efi files (EDK2 UEFI)",ESP002.101,PASS,
"ESP Scan ignores OSes on removable media (EDK2 UEFI)",ESP003.101,PASS,
"ESP Scan does not create duplicate entries (EDK2 UEFI)",ESP004.101,PASS,
"ESP Scan detects Dasharo Tools Suite (EDK2 UEFI)",ESP005.101,PASS,
"ESP Scan does not find non-block boot devices (EDK2 UEFI)",ESP006.101,PASS,
"Fast Boot Reduces Boot Time (Ubuntu)",FBT001.201,FAIL,"https://github.com/Dasharo/dasharo-issues/issues/1841"
"Firmware Update Mode support (EDK2 UEFI)",FUM001.101,PASS,
"Fwupd Devices Detected (Ubuntu)",FWUPD001.201,PASS,
"Measured Boot support (Ubuntu)",MBO001.201,PASS,
"Check if event log PCRs match actual values (Ubuntu)",MBO002.201,PASS,
"Flashing firmware and reset to defaults results in same measurement (EDK2 UEFI)",MBO007.101,FAIL,"https://github.com/Dasharo/dasharo-issues/issues/1842"
"Multiple reset to defaults results in identical measurements (EDK2 UEFI)",MBO008.101,PASS,
"Identical configuration results in identical measurements (EDK2 UEFI)",MBO009.101,PASS,
"Identical configuration after reset results in identical measurements (EDK2 UEFI)",MBO010.101,PASS,
"Enable Network Boot (EDK2 UEFI)",NBA001.101,PASS,
"Disable Network Boot (EDK2 UEFI)",NBA002.101,PASS,
"NVMe support in firmware (EDK2 UEFI)",NVM001.101,PASS,
"NVMe support in OS (Ubuntu)",NVM001.201,PASS,
"NVMe support in OS (Windows)",NVM001.301,PASS,
"Check Power State After Power Failure default state (EDK2 UEFI)",PSF001.101,PASS,
"Powered Off State Restoration Test (EDK2 UEFI)",PSF002.101,FAIL,"https://github.com/Dasharo/dasharo-issues/issues/1844"
"Powered On State Restoration Test (EDK2 UEFI)",PSF003.101,PASS,
"Check Password Setup option availability and default state (EDK2 UEFI)",PSW001.101,PASS,
"Password setting mechanism correctness checking (EDK2 UEFI)",PSW002.101,PASS,
"Attempt to log in with a correct password (EDK2 UEFI)",PSW003.101,PASS,
"Attempt to log in with an incorrect password (EDK2 UEFI)",PSW004.101,PASS,
"Attempt to log in with an incorrect password 3 times (EDK2 UEFI)",PSW005.101,PASS,
"Attempt to turn off setup password functionality (EDK2 UEFI)",PSW006.101,PASS,
"Attempt to set non-compliant password (EDK2 UEFI)",PSW007.101,PASS,
"Attempt to set old password (EDK2 UEFI)",PSW008.101,PASS,
"Dasharo Network Boot is available (EDK2 UEFI)",PXE001.101,PASS,
"Dasharo network boot menu boot options order is correct (EDK2 UEFI)",PXE002.101,PASS,
"Autoboot option is available and works correctly (EDK2 UEFI)",PXE003.101,PASS,
"DTS option is available and works correctly (EDK2 UEFI)",PXE004.101,PASS,
"OS installation option is available and works correctly (EDK2 UEFI)",PXE005.101,PASS,
"iPXE shell option is available and works correctly (EDK2 UEFI)",PXE006.101,PASS,
"Dasharo Network Boot over https not http (EDK2 UEFI)",PXE007.101,PASS,
"Firmware Update Mode (EDK2 UEFI)",PXE008.101,PASS,
"Check if Resizeable BARs option is present (EDK2 UEFI)",RBE001.101,PASS,
"F9 resets Enable USB stack option to default (EDK2 UEFI)",RTD001.101,PASS,
"F9 resets Enable USB Mass Storage driver option to default (EDK2 UEFI)",RTD002.101,PASS,
"F9 resets Enable SMM BIOS write protection to default (EDK2 UEFI)",RTD004.101,PASS,
"F9 resets Enable network boot to default (EDK2 UEFI)",RTD006.101,PASS,
"F9 reset is effective across DSF (EDK2 UEFI)",RTD015.101,PASS,
"F9 reset is globally effective (EDK2 UEFI)",RTD016.101,PASS,
"F9 reset is globally effective (EDK2 UEFI)",RTD017.101,PASS,
"Check Secure Boot default state (EDK2 UEFI)",SBO001.101,PASS,
"UEFI Secure Boot (Ubuntu)",SBO002.201,PASS,
"UEFI Secure Boot (Windows)",SBO002.301,PASS,
"Attempt to boot file with the correct key from Shell (EDK2 UEFI)",SBO003.101,PASS,
"Attempt to boot file without the key from Shell (EDK2 UEFI)",SBO004.101,PASS,
"Attempt to boot file with the wrong-signed key from Shell (EDK2 UEFI)",SBO005.101,PASS,
"Reset Secure Boot Keys option availability (EDK2 UEFI)",SBO006.101,PASS,
"Attempt to boot the file after restoring keys to default (EDK2 UEFI)",SBO007.101,PASS,
"Attempt to enroll the key in the incorrect format (EDK2 UEFI)",SBO008.101,PASS,
"CPU clock speed displayed in setup menu (EDK2 UEFI)",SET001.101,PASS,
"RAM speed displayed in setup menu (EDK2 UEFI)",SET002.101,PASS,
"RAM size displayed in setup menu (EDK2 UEFI)",SET003.101,PASS,
"Expected CPU clock speed displayed in setup menu (EDK2 UEFI)",SET004.101,PASS,
"Expected RAM speed displayed in setup menu (EDK2 UEFI)",SET005.101,PASS,
"Expected RAM size displayed in setup menu (EDK2 UEFI)",SET006.101,PASS,
"NVMe detection after cold boot (Ubuntu)",SNV001.201,PASS,
"NVMe detection after warm boot (Ubuntu)",SNV002.201,PASS,
"NVMe detection after reboot (Ubuntu)",SNV003.201,PASS,
"Check that all options in OptionROMs are available (EDK2 UEFI)",SOR001.101,PASS,
"Verify if no reboot occurs in the firmware",STB001.001,PASS,
"Verify if no reboot occurs in the OS (Ubuntu)",STB001.201,PASS,
"Verify if no reboot occurs in the OS (Windows)",STB001.301,PASS,
"Verify if no unexpected boot errors appear in Linux logs (Ubuntu)",STB002.201,FAIL,"https://github.com/Dasharo/dasharo-issues/issues/1845"
"Verify if no reboot occurs in the OS (Windows)",STB002.301,PASS,
"USB devices detection after cold boot (Ubuntu)",SUD001.201,PASS,
"USB devices detection after warm boot (Ubuntu)",SUD002.201,PASS,
"USB devices detection after reboot (Ubuntu)",SUD003.201,PASS,
"Detect TPM after platform reboot (Ubuntu)",TPD003.201,PASS,
"Detect TPM after platform suspend (Ubuntu)",TPD004.201,PASS,
"TPM Support (EDK2 UEFI)",TPM001.101,PASS,
"TPM Support (Ubuntu)",TPM001.201,PASS,
"TPM Support (Windows)",TPM001.301,PASS,
"Verify TPM version (EDK2 UEFI)",TPM002.101,PASS,
"Verify TPM Version (Ubuntu)",TPM002.201,PASS,
"Verify TPM Version (Windows)",TPM002.301,PASS,
"Check TPM Physical Presence Interface (EDK2 UEFI)",TPM003.101,PASS,
"Check TPM Physical Presence Interface (Ubuntu)",TPM003.201,PASS,
"Check TPM Physical Presence Interface (Windows)",TPM003.301,PASS,
"Change active PCR banks with TPM PPI (EDK2 UEFI)",TPM011.101,PASS,
"Check if the ChangeEPS works (Ubuntu)",TPM012.201,PASS,
"TPM PPI Prompt (Ubuntu)",TPM013.201,PASS,
"TPM PPI Prompt (Windows)",TPM013.301,PASS,
"PCRREAD Function Verification (Ubuntu)",TPMCMD002.201,PASS,
"PCREXTEND And PCRRESET Functions (Ubuntu)",TPMCMD003.201,PASS,
"PCREXTEND And PCRRESET Functions - locality protections (Ubuntu)",TPMCMD004.201,PASS,
"PCREVENT Function (Ubuntu)",TPMCMD005.201,PASS,
"CREATEPRIMARY Function Verification (Ubuntu)",TPMCMD006.201,PASS,
"NVDEFINE and NVUNDEFINE Functions Verification (Ubuntu)",TPMCMD007.201,PASS,
"CREATE Function (Ubuntu)",TPMCMD008.201,PASS,
"CREATELOADED Function (Ubuntu)",TPMCMD009.201,PASS,
"Signing the file (Ubuntu)",TPMCMD010.201,PASS,
"Hashing the file (Ubuntu)",TPMCMD012.201,PASS,
"Performing HMAC operation on the file (Ubuntu)",TPMCMD013.201,PASS,
"Sealing and Unsealing the file without Policy (Ubuntu)",TPMCMD014.201,PASS,
"Sealing and Unsealing with Policy - Password Only (Ubuntu)",TPMCMD015.201,PASS,
"Sealing and Unsealing with Policy - PCR Only (Ubuntu)",TPMCMD016.201,PASS,
"Sealing and unsealing with Policy - Password and PCR (Ubuntu)",TPMCMD017.201,PASS,
"USB detect and boot after coldboot (DTS)",UBT001.211,PASS,
"USB detect and boot after warmboot (DTS)",UBT002.211,PASS,
"USB detect and boot after system reboot (DTS)",UBT003.211,PASS,
"USB detection after coldboot (EDK2 UEFI)",UDT001.101,PASS,
"USB detection after warmboot (EDK2 UEFI)",UDT002.101,PASS,
"USB detection after system reboot (EDK2 UEFI)",UDT003.101,PASS,
"USB devices detected in FW (EDK2 UEFI)",USB001.101,PASS,
"USB devices detected by OS (Ubuntu)",USB001.201,PASS,
"USB devices detected by OS (Windows)",USB001.301,PASS,
"USB keyboard detected in FW (UEFI Shell)",USB002.106,PASS,
"USB keyboard in OS (Ubuntu)",USB002.201,PASS,
"USB keyboard in OS (Windows)",USB002.301,PASS,
"Upload 1GB file on USB storage (Ubuntu)",USB003.201,PASS,
"Upload 1GB file on USB storage (Windows)",USB003.301,PASS,
"UEFI Shell Support (UEFI Shell)",USH001.106,PASS,
"Enable USB stack (EDK2 UEFI)",USS001.101,PASS,
"Disable USB stack (EDK2 UEFI)",USS002.101,PASS,
"Enable USB Mass Storage (EDK2 UEFI)",USS003.101,PASS,
"Disable USB Mass Storage (EDK2 UEFI)",USS004.101,PASS,
